{"negative": 0.2969790995121002, "neutral": 0.4640556871891022, "positive": 0.7400307059288025, "score": 0.44305160641670227}