{"negative": 0.3324885964393616, "neutral": 1, "positive": 0.5232642292976379, "score": 0.19077563285827637}