{"negative": 0.8652197122573853, "neutral": 0.42799797654151917, "positive": 0.3749634027481079, "score": -0.49025630950927734}