{"negative": 0.4146410822868347, "neutral": 0.29370078444480896, "positive": 0.45093148946762085, "score": 0.03629040718078613}