{"negative": 0.18651847541332245, "neutral": 0.21148346364498138, "positive": 0.42144936323165894, "score": 0.2349308878183365}