{"negative": 0.3052845299243927, "neutral": 0.2538585662841797, "positive": 0.40166231989860535, "score": 0.09637778997421265}