{"negative": 0.11192584037780762, "neutral": 0.17590074241161346, "positive": 0.4796672761440277, "score": 0.3677414357662201}