{"negative": 0.23594313859939575, "neutral": 0.5633895993232727, "positive": 0.7870181202888489, "score": 0.5510749816894531}