{"negative": 0.022130029276013374, "neutral": 0.0407596118748188, "positive": 0.47991591691970825, "score": 0.4577858876436949}