{"negative": 0.04279636591672897, "neutral": 0.025219354778528214, "positive": 0.1189613863825798, "score": 0.07616502046585083}