{"negative": 0.04044634848833084, "neutral": 0.05144433677196503, "positive": 0.3184809386730194, "score": 0.27803459018468857}