{"negative": 1, "neutral": 0.5315884947776794, "positive": 0.22688187658786774, "score": -0.7731181234121323}