{"negative": 1, "neutral": 0.38761550188064575, "positive": 0.24692577123641968, "score": -0.7530742287635803}