{"negative": 0.2337466925382614, "neutral": 0.22383800148963928, "positive": 0.4680118262767792, "score": 0.23426513373851776}