{"negative": 0.20177024602890015, "neutral": 0.2975021004676819, "positive": 0.7077259421348572, "score": 0.505955696105957}