{"negative": 0.031007327139377594, "neutral": 0.10925581306219101, "positive": 0.46327388286590576, "score": 0.43226655572652817}