{"negative": 0.00535924406722188, "neutral": 0.006075613666325808, "positive": 0.04735653102397919, "score": 0.04199728695675731}