{"negative": 1, "neutral": 0.5961400866508484, "positive": 0.27887168526649475, "score": -0.7211283147335052}